{
  "version": 1,
  "author": "Rafael Victor",
  "editor": "wokwi",
  "parts": [
    { "type": "wokwi-breadboard-mini", "id": "bb1", "top": 209.8, "left": -31.2, "attrs": {} },
    { "type": "board-esp32-devkit-c-v4", "id": "esp", "top": -76.8, "left": -187.16, "attrs": {} },
    { "type": "wokwi-led", "id": "led1", "top": -61.2, "left": 167, "attrs": { "color": "red" } },
    {
      "type": "wokwi-led",
      "id": "led2",
      "top": -61.2,
      "left": 119,
      "attrs": { "color": "yellow" }
    },
    { "type": "wokwi-led", "id": "led3", "top": -61.2, "left": 71, "attrs": { "color": "green" } }
  ],
  "connections": [
    [ "esp:TX", "$serialMonitor:RX", "", [] ],
    [ "esp:RX", "$serialMonitor:TX", "", [] ],
    [ "esp:GND.3", "bb1:1t.a", "black", [ "h0" ] ],
    [ "bb1:1t.c", "led2:C", "green", [ "v0", "h192" ] ],
    [ "bb1:1t.b", "led3:C", "green", [ "v-9.6", "h201.6" ] ],
    [ "bb1:1t.d", "led1:C", "green", [ "v0", "h211.2" ] ],
    [ "esp:17", "led1:A", "green", [ "h0" ] ],
    [ "esp:18", "led2:A", "green", [ "h0" ] ],
    [ "esp:19", "led3:A", "green", [ "h0" ] ]
  ],
  "dependencies": {}
}